nodeID,nodeLabel
1,1
2,2
3,3
4,4
5,5
6,6
7,7
8,8
9,9
10,10
11,11
12,12
13,13
14,14
15,15
16,16
17,17
18,18
19,19
20,20
21,21
22,22
23,23
24,24
25,25
26,26
27,27
28,28
29,29
30,30
31,31
32,32
33,33
34,34
35,35
36,36
37,37
38,38
39,39
40,40
41,41
42,42
43,43
44,44
45,45
46,46
47,47
48,48
49,49
50,50
51,51
52,52
53,53
54,54
55,55
56,56
57,57
58,58
59,59
60,60
61,61
62,62
63,63
64,64
65,65
66,66
67,67
68,68
69,69
70,70
71,71
72,72
73,73
74,74
75,75
76,76
77,77
78,78
79,79
80,80
81,81
82,82
83,83
84,84
85,85
86,86
87,87
88,88
89,89
90,90
91,91
92,92
93,93
94,94
95,95
96,96
97,97
98,98
99,99
100,100
101,101
102,102
103,103
104,104
105,105
106,106
107,107
108,108
109,109
110,110
111,111
112,112
113,113
114,114
115,115
116,116
117,117
118,118
119,119
120,120
121,121
122,122
123,123
124,124
125,125
126,126
127,127
128,128
129,129
130,130
131,131
132,132
133,133
134,134
135,135
136,136
137,137
138,138
139,139
140,140
141,141
142,142
143,143
144,144
145,145
146,146
147,147
148,148
149,149
150,150
151,151
152,152
153,153
154,154
155,155
156,156
157,157
158,158
159,159
160,160
161,161
162,162
163,163
164,164
165,165
166,166
167,167
168,168
169,169
170,170
171,171
172,172
173,173
174,174
175,175
176,176
177,177
178,178
179,179
180,180
181,181
182,182
183,183
184,184
185,185
186,186
187,187
188,188
189,189
190,190
191,191
192,192
193,193
194,194
195,195
196,196
197,197
198,198
199,199
200,200
201,201
202,202
203,203
204,204
205,205
206,206
207,207
208,208
209,209
210,210
211,211
212,212
213,213
214,214
215,215
216,216
217,217
218,218
219,219
220,220
221,221
222,222
223,223
224,224
225,225
226,226
227,227
228,228
229,229
230,230
231,231
232,232
233,233
234,234
235,235
236,236
237,237
238,238
239,239
240,240
241,241
242,242
243,243
244,244
245,245
246,246
247,247
248,248
249,249
250,250
251,251
252,252
253,253
254,254
255,255
256,256
257,257
258,258
259,259
260,260
261,261
262,262
263,263
264,264
265,265
266,266
267,267
268,268
269,269
270,270
271,271
272,272
273,273
274,274
275,275
276,276
277,277
278,278
279,279
280,280
281,281
282,282
283,283
284,284
285,285
286,286
287,287
288,288
289,289
290,290
291,291
292,292
293,293
294,294
295,295
296,296
297,297
298,298
299,299
300,300
301,301
302,302
303,303
304,304
305,305
306,306
307,307
308,308
309,309
310,310
311,311
312,312
313,313
314,314
315,315
316,316
317,317
318,318
319,319
320,320
321,321
322,322
323,323
324,324
325,325
326,326
327,327
328,328
329,329
330,330
331,331
332,332
333,333
334,334
335,335
336,336
337,337
338,338
339,339
340,340
341,341
342,342
343,343
344,344
345,345
346,346
347,347
348,348
349,349
350,350
351,351
352,352
353,353
354,354
355,355
356,356
357,357
358,358
359,359
360,360
361,361
362,362
363,363
364,364
365,365
366,366
367,367
368,368
369,369
370,370
371,371
372,372
373,373
374,374
375,375
376,376
377,377
378,378
379,379
380,380
381,381
382,382
383,383
384,384
385,385
386,386
387,387
388,388
389,389
390,390
391,391
392,392
393,393
394,394
395,395
396,396
397,397
398,398
399,399
400,400
401,401
402,402
403,403
404,404
405,405
406,406
407,407
408,408
409,409
410,410
411,411
412,412
413,413
414,414
415,415
416,416
417,417
418,418
419,419
420,420
421,421
422,422
423,423
424,424
425,425
426,426
427,427
428,428
429,429
430,430
431,431
432,432
433,433
434,434
435,435
436,436
437,437
438,438
439,439
440,440
441,441
442,442
443,443
444,444
445,445
446,446
447,447
448,448
449,449
450,450
451,451
452,452
453,453
454,454
455,455
456,456
457,457
458,458
459,459
460,460
461,461
462,462
463,463
464,464
465,465
466,466
467,467
468,468
469,469
470,470
471,471
472,472
473,473
474,474
475,475
476,476
477,477
478,478
479,479
480,480
481,481
482,482
483,483
484,484
485,485
486,486
487,487
488,488
489,489
490,490
491,491
492,492
493,493
494,494
495,495
496,496
497,497
498,498
499,499
500,500
501,501
502,502
503,503
504,504
505,505
506,506
507,507
508,508
509,509
510,510
511,511
512,512
513,513
514,514
515,515
516,516
517,517
518,518
519,519
520,520
521,521
522,522
523,523
524,524
525,525
526,526
527,527
528,528
529,529
530,530
531,531
532,532
533,533
534,534
535,535
536,536
537,537
538,538
539,539
540,540
541,541
542,542
543,543
544,544
545,545
546,546
547,547
548,548
549,549
550,550
551,551
552,552
553,553
554,554
555,555
556,556
557,557
558,558
559,559
560,560
561,561
562,562
563,563
564,564
565,565
566,566
567,567
568,568
569,569
570,570
571,571
572,572
573,573
574,574
575,575
576,576
577,577
578,578
579,579
580,580
581,581
582,583
583,584
584,585
585,586
586,587
587,588
588,589
589,590
590,591
591,592
592,593
593,594
594,595
595,596
596,597
597,598
598,599
599,600
600,601
601,602
602,603
603,604
604,605
605,606
606,607
607,608
608,609
609,610
610,611
611,612
612,613
613,614
614,615
615,616
616,617
617,618
618,619
619,620
620,621
621,622
622,623
623,624
624,625
625,626
626,627
627,628
628,629
629,630
630,631
631,632
632,633
633,634
634,635
635,636
636,637
637,638
638,639
639,640
640,641
641,642
642,643
643,644
644,645
645,646
646,647
647,648
648,649
649,650
650,651
651,652
652,653
653,654
654,655
655,656
656,657
657,658
658,659
659,660
660,661
661,662
662,663
663,664
664,665
665,666
666,667
667,668
668,669
669,670
670,671
671,672
672,673
673,674
674,675
675,676
676,677
677,678
678,679
679,680
680,681
681,682
682,683
683,684
684,685
685,686
686,687
687,688
688,689
689,690
690,691
691,692
692,693
693,694
694,695
695,696
696,697
697,698
698,699
699,700
700,701
701,702
702,703
703,704
704,705
705,706
706,707
707,708
708,709
709,710
710,711
711,712
712,713
713,714
714,715
715,716
716,717
717,718
718,719
719,720
720,721
721,722
722,723
723,724
724,725
725,726
726,727
727,728
728,729
729,730
730,731
731,732
732,733
733,734
734,735
735,736
736,737
737,738
738,739
739,740
740,741
741,742
742,743
743,744
744,745
745,746
746,747
747,748
748,749
749,750
750,751
751,752
752,753
753,754
754,755
755,756
756,757
757,758
758,759
759,760
760,761
761,762
762,763
763,764
764,765
765,766
766,767
767,768
768,769
769,770
770,771
771,772
772,773
773,774
774,775
775,776
776,777
777,778
778,780
779,781
780,782
781,783
782,784
783,785
784,786
785,787
786,788
787,789
788,790
789,792
790,794
791,795
792,800
793,801
794,802
795,803
796,804
797,805
798,806
799,807
800,808
801,809
802,810
803,811
804,812
805,813
806,814
807,815
808,816
809,817
810,818
811,819
812,820
813,821
814,822
815,823
816,824
817,825
818,826
819,827
820,828
821,829
822,830
823,831
824,832
825,833
826,834
827,835
828,836
829,837
830,838
831,839
832,840
833,841
834,842
835,843
836,844
837,845
838,846
839,847
840,848
841,849
842,850
843,851
844,852
845,853
846,854
847,855
848,856
849,857
850,858
851,859
852,860
853,861
854,862
855,863
856,864
857,865
858,866
859,867
860,868
861,869
862,870
863,871
864,872
865,873
866,874
867,875
868,876
869,877
870,878
871,879
872,880
873,881
874,882
875,883
876,884
877,885
878,886
879,887
880,888
881,889
882,890
883,891
884,892
885,893
886,894
887,895
888,896
889,897
890,898
891,899
892,900
893,901
894,902
895,903
896,904
897,905
898,906
899,907
900,908
901,909
902,910
903,911
904,912
905,913
906,914
907,915
908,916
909,917
910,918
911,919
912,920
913,921
914,922
915,923
916,924
917,925
918,926
919,927
920,928
921,929
922,930
923,931
924,932
925,933
926,934
927,935
928,936
929,937
930,938
931,939
932,940
933,941
934,942
935,943
936,944
937,945
938,946
939,947
940,948
941,949
942,950
943,951
944,952
945,953
946,954
947,955
948,956
949,957
950,958
951,959
952,960
953,961
954,962
955,963
956,964
957,965
958,966
959,967
960,968
961,969
962,970
963,971
964,972
965,973
966,974
967,975
968,976
969,977
970,978
971,979
972,980
973,981
974,982
975,983
976,984
977,985
978,986
979,987
980,988
981,989
982,990
983,991
984,992
985,993
986,994
987,995
988,996
989,997
990,998
991,999
992,1000
993,1001
994,1002
995,1003
996,1004
997,1005
998,1006
999,1007
1000,1008
1001,1009
1002,1010
1003,1011
1004,1012
1005,1013
1006,1014
1007,1015
1008,1016
1009,1017
1010,1018
1011,1019
1012,1020
1013,1021
1014,1022
1015,1023
1016,1024
1017,1025
1018,1026
1019,1027
1020,1028
1021,1029
1022,1030
1023,1031
1024,1032
1025,1033
1026,1034
1027,1035
1028,1036
1029,1037
1030,1038
1031,1039
1032,1040
1033,1041
1034,1042
1035,1043
1036,1044
1037,1045
1038,1046
1039,1047
1040,1048
1041,1049
1042,1050
1043,1051
1044,1052
1045,1053
1046,1054
1047,1055
1048,1056
1049,1057
1050,1058
1051,1059
1052,1060
1053,1061
1054,1062
1055,1063
1056,1064
1057,1065
1058,1066
1059,1067
1060,1068
1061,1069
1062,1070
1063,1071
1064,1072
1065,1073
1066,1074
1067,1075
1068,1076
1069,1077
1070,1078
1071,1079
1072,1080
1073,1081
1074,1082
1075,1083
1076,1084
1077,1085
1078,1086
1079,1087
1080,1088
1081,1089
1082,1090
1083,1091
1084,1092
1085,1093
1086,1094
1087,1095
1088,1096
1089,1097
1090,1098
1091,1099
1092,1100
1093,1101
1094,1102
1095,1103
1096,1104
1097,1105
1098,1106
1099,1107
1100,1108
1101,1109
1102,1110
1103,1111
1104,1112
1105,1113
1106,1114
1107,1115
1108,1116
1109,1117
1110,1118
1111,1119
1112,1120
1113,1121
1114,1122
1115,1123
1116,1124
1117,1125
1118,1126
1119,1127
1120,1128
1121,1129
1122,1130
1123,1131
1124,1132
1125,1133
1126,1134
1127,1135
1128,1136
1129,1137
1130,1138
1131,1139
1132,1140
1133,1141
1134,1142
1135,1143
1136,1144
1137,1145
1138,1146
1139,1147
1140,1148
1141,1149
1142,1150
1143,1151
1144,1152
1145,1153
1146,1154
1147,1155
1148,1156
1149,1157
1150,1158
1151,1159
1152,1160
1153,1161
1154,1162
1155,1163
1156,1164
1157,1165
1158,1166
1159,1167
1160,1168
1161,1169
1162,1170
1163,1171
1164,1172
1165,1173
1166,1174
1167,1175
1168,1176
1169,1177
1170,1178
1171,1179
1172,1180
1173,1181
1174,1182
1175,1183
1176,1184
1177,1185
1178,1186
1179,1187
1180,1188
1181,1189
1182,1190
1183,1191
1184,1192
1185,1193
1186,1194
1187,1195
1188,1196
1189,1197
1190,1198
1191,1199
1192,1200
1193,1201
1194,1202
1195,1203
1196,1204
1197,1205
1198,1206
1199,1207
1200,1208
1201,1209
1202,1210
1203,1211
1204,1212
1205,1213
1206,1214
1207,1215
1208,1216
1209,1217
1210,1218
1211,1219
1212,1220
1213,1221
1214,1222
1215,1223
1216,1224
1217,1225
1218,1226
1219,1227
1220,1228
1221,1229
1222,1230
1223,1231
1224,1232
1225,1233
1226,1234
1227,1235
1228,1236
1229,1237
1230,1238
1231,1239
1232,1240
1233,1241
1234,1242
1235,1243
1236,1244
1237,1245
1238,1246
1239,1247
1240,1248
1241,1249
1242,1250
1243,1251
1244,1252
1245,1253
1246,1254
1247,1255
1248,1256
1249,1257
1250,1258
1251,1259
1252,1260
1253,1261
1254,1262
1255,1263
1256,1264
1257,1265
1258,1266
1259,1267
1260,1268
1261,1269
1262,1270
1263,1271
1264,1272
1265,1273
1266,1274
1267,1275
1268,1276
1269,1277
1270,1278
1271,1279
1272,1280
1273,1281
1274,1282
1275,1283
1276,1284
1277,1285
1278,1286
1279,1287
1280,1288
1281,1289
1282,1290
1283,1291
1284,1292
1285,1293
1286,1294
1287,1295
1288,1296
1289,1297
1290,1298
1291,1299
1292,1300
1293,1304
1294,1305
1295,1306
1296,1307
1297,1308
1298,1309
1299,1310
1300,1311
1301,1312
1302,1313
1303,1314
1304,1315
1305,1316
1306,1317
1307,1318
1308,1319
1309,1320
1310,1321
1311,1322
1312,1323
1313,1324
1314,1325
1315,1326
1316,1327
1317,1328
1318,1329
1319,1330
1320,1331
1321,1332
1322,1333
1323,1334
1324,1335
1325,1336
1326,1337
1327,1338
1328,1339
1329,1340
1330,1341
1331,1342
1332,1343
1333,1344
1334,1345
1335,1346
1336,1347
1337,1348
1338,1349
1339,1350
1340,1351
1341,1352
1342,1353
1343,1354
1344,1355
1345,1356
1346,1357
1347,1358
1348,1359
1349,1360
1350,1361
1351,1362
1352,1363
1353,1364
1354,1365
1355,1366
1356,1367
1357,1368
1358,1369
1359,1370
1360,1371
1361,1372
1362,1373
1363,1374
1364,1375
1365,1376
1366,1377
1367,1378
1368,1379
1369,1380
1370,1381
1371,1382
1372,1383
1373,1384
1374,1385
1375,1386
1376,1387
1377,1388
1378,1389
1379,1390
1380,1391
1381,1392
1382,1393
1383,1394
1384,1395
1385,1396
1386,1397
1387,1398
1388,1399
1389,1400
1390,1401
1391,1402
1392,1403
1393,1404
1394,1405
1395,1406
1396,1407
1397,1408
1398,1409
1399,1410
1400,1411
1401,1412
1402,1413
1403,1414
1404,1415
1405,1416
1406,1417
1407,1418
1408,1419
1409,1420
1410,1421
1411,1422
1412,1423
1413,1424
1414,1425
1415,1426
1416,1427
1417,1428
1418,1429
1419,1430
1420,1431
1421,1432
1422,1433
1423,1434
1424,1435
1425,1436
1426,1437
1427,1438
1428,1439
1429,1440
1430,1441
1431,1442
1432,1443
1433,1444
1434,1445
1435,1446
1436,1447
1437,1448
1438,1449
1439,1450
1440,1451
1441,1452
1442,1453
1443,1454
1444,1455
1445,1456
1446,1457
1447,1458
1448,1459
1449,1460
1450,1461
1451,1462
1452,1463
1453,1464
1454,1465
1455,1466
1456,1467
1457,1468
1458,1469
1459,1470
1460,1471
1461,1472
1462,1473
1463,1474
1464,1475
1465,1476
1466,1477
1467,1478
1468,1479
1469,1480
1470,1481
1471,1482
1472,1483
1473,1484
1474,1485
1475,1486
1476,1487
1477,1488
1478,1489
1479,1490
1480,1491
1481,1492
1482,1493
1483,1494
1484,1495
1485,1496
1486,1497
1487,1498
1488,1499
1489,1500
1490,1501
1491,1502
1492,1503
1493,1504
1494,1505
1495,1506
1496,1507
1497,1508
1498,1509
1499,1510
1500,1511
1501,1512
1502,1513
1503,1514
1504,1515
1505,1516
1506,1517
1507,1518
1508,1519
1509,1520
1510,1521
1511,1522
1512,1523
1513,1524
1514,1525
1515,1526
1516,1527
1517,1528
1518,1529
1519,1530
1520,1531
1521,1532
1522,1533
1523,1534
1524,1535
1525,1536
1526,1537
1527,1538
1528,1539
1529,1540
1530,1541
1531,1542
1532,1543
1533,1544
1534,1545
1535,1546
1536,1547
1537,1548
1538,1549
1539,1550
1540,1551
1541,1552
1542,1553
1543,1554
1544,1555
1545,1556
1546,1557
1547,1565
1548,1566
1549,1567
1550,1568
1551,1569
1552,1570
1553,1571
1554,1572
1555,1573
1556,1574
1557,1575
1558,1576
1559,1577
1560,1578
1561,1579
1562,1580
1563,1581
1564,1582
1565,1583
1566,1584
1567,1585
1568,1586
1569,1587
1570,1588
1571,1589
1572,1590
1573,1591
1574,1592
1575,1593
1576,1594
1577,1595
1578,1596
1579,1597
1580,1598
1581,1599
1582,1600
1583,1601
1584,1602
1585,1603
1586,1604
1587,1605
1588,1606
1589,1607
1590,1608
1591,1609
1592,1610
1593,1611
1594,1612
1595,1613
1596,1614
1597,1615
1598,1616
1599,1617
1600,1618
1601,1619
1602,1620
1603,1621
1604,1622
1605,1623
1606,1624
1607,1625
1608,1626
1609,1627
1610,1628
1611,1629
1612,1630
1613,1631
1614,1632
1615,1633
1616,1634
1617,1635
1618,1636
1619,1637
1620,1638
1621,1639
1622,1640
1623,1641
1624,1642
1625,1643
1626,1644
1627,1645
1628,1646
1629,1647
1630,1648
1631,1649
1632,1650
1633,1651
1634,1652
1635,1653
1636,1654
1637,1655
1638,1656
1639,1657
1640,1658
1641,1659
1642,1660
1643,1661
1644,1662
1645,1663
1646,1664
1647,1665
1648,1666
1649,1667
1650,1668
1651,1669
1652,1670
1653,1671
1654,1672
1655,1673
1656,1674
1657,1675
1658,1676
1659,1677
1660,1678
1661,1679
1662,1680
1663,1681
1664,1682
1665,1683
1666,1684
1667,1685
1668,1686
1669,1687
1670,1688
1671,1689
1672,1690
1673,1691
1674,1692
1675,1693
1676,1694
1677,1695
1678,1696
1679,1697
1680,1698
1681,1699
1682,1700
1683,1701
1684,1702
1685,1703
1686,1704
1687,1705
1688,1706
1689,1707
1690,1708
1691,1709
1692,1710
1693,1711
1694,1712
1695,1713
1696,1714
1697,1715
1698,1716
1699,1717
1700,1718
1701,1719
1702,1720
1703,1721
1704,1722
1705,1723
1706,1724
1707,1725
1708,1726
1709,1727
1710,1728
1711,1729
1712,1730
1713,1731
1714,1732
1715,1733
1716,1736
1717,1737
1718,1738
1719,1739
1720,1740
1721,1741
1722,1742
1723,1743
1724,1744
1725,1745
1726,1746
1727,1747
1728,1748
1729,1749
1730,1750
1731,1751
1732,1752
1733,1753
1734,1754
1735,1755
1736,1756
1737,1757
1738,1758
1739,1759
1740,1760
1741,1761
1742,1762
1743,1763
1744,1764
1745,1765
1746,1766
1747,1767
1748,1768
1749,1769
1750,1770
1751,1771
1752,1772
1753,1773
1754,1774
1755,1775
1756,1776
1757,1777
1758,1778
1759,1779
1760,1780
1761,1781
1762,1782
1763,1783
1764,1784
1765,1785
1766,1786
1767,1787
1768,1788
1769,1789
1770,1790
1771,1791
1772,1792
1773,1793
1774,1794
1775,1795
1776,1796
1777,1797
1778,1798
1779,1799
1780,1800
1781,1802
1782,1803
1783,1804
1784,1805
1785,1806
1786,1807
1787,1808
1788,1809
1789,1810
1790,1811
1791,1812
1792,1813
1793,1814
1794,1815
1795,1816
1796,1817
1797,1818
1798,1819
1799,1820
1800,1821
1801,1822
1802,1823
1803,1824
1804,1825
1805,1826
1806,1827
1807,1828
1808,1829
1809,1830
1810,1831
1811,1832
1812,1833
1813,1834
1814,1835
1815,1836
1816,1837
1817,1838
1818,1839
1819,1840
1820,1841
1821,1842
1822,1843
1823,1844
1824,1845
1825,1846
1826,1847
1827,1848
1828,1849
1829,1850
1830,1851
1831,1852
1832,1853
1833,1854
1834,1855
1835,1856
1836,1857
1837,1858
1838,1859
1839,1860
1840,1861
1841,1862
1842,1863
1843,1864
1844,1865
1845,1866
1846,1867
1847,1868
1848,1869
1849,1870
1850,1871
1851,1872
1852,1873
1853,1874
1854,1875
1855,1876
1856,1877
1857,1878
1858,1879
1859,1880
1860,1881
1861,1882
1862,1883
1863,1884
1864,1885
1865,1886
1866,1887
1867,1888
1868,1889
1869,1890
1870,1891
1871,1892
1872,1893
1873,1894
1874,1895
1875,1896
1876,1897
1877,1898
1878,1899
1879,1900
1880,1901
1881,1902
1882,1903
1883,1904
1884,1905
1885,1906
1886,1907
1887,1908
1888,1909
1889,1910
1890,1911
1891,1912
1892,1913
1893,1914
1894,1915
1895,1916
1896,1917
1897,1918
1898,1919
1899,1920
1900,1921
1901,1922
1902,1923
1903,1924
1904,1925
1905,1926
1906,1927
1907,1928
1908,1929
1909,1930
1910,1931
1911,1933
1912,1934
1913,1935
1914,1936
1915,1937
1916,1938
1917,1939
1918,1940
1919,1941
1920,1946
1921,1947
1922,1948
1923,1949
1924,1950
1925,1951
1926,1952
1927,1954
1928,1955
1929,1956
1930,1957
1931,1958
1932,1959
1933,1960
1934,1961
1935,1962
1936,1963
1937,1964
1938,1965
1939,1966
1940,1967
1941,1968
1942,1969
1943,1970
1944,1971
1945,1972
1946,1973
1947,1974
1948,1976
1949,1977
1950,1978
1951,1979
1952,1980
1953,1981
1954,1982
1955,1983
1956,1984
1957,1985
1958,1986
1959,1987
1960,1988
1961,1989
1962,1990
1963,1991
1964,1992
1965,1993
1966,1994
1967,1995
1968,1996
1969,1997
1970,1998
1971,1999
1972,2000
1973,2001
1974,2002
1975,2003
1976,2004
1977,2005
1978,2006
1979,2007
1980,2008
1981,2009
1982,2010
1983,2011
1984,2012
1985,2013
1986,2014
1987,2015
1988,2016
1989,2017
1990,2018
1991,2019
1992,2020
1993,2021
1994,2022
1995,2023
1996,2024
1997,2025
1998,2026
1999,2027
2000,2028
2001,2029
2002,2030
2003,2031
2004,2032
2005,2033
2006,2034
2007,2035
2008,2036
2009,2037
2010,2038
2011,2039
2012,2040
2013,2041
2014,2042
2015,2043
2016,2044
2017,2045
2018,2046
2019,2047
2020,2048
2021,2049
2022,2050
2023,2051
2024,2052
2025,2053
2026,2054
2027,2055
2028,2056
2029,2057
2030,2058
2031,2059
2032,2060
2033,2061
2034,2062
2035,2063
2036,2064
2037,2065
2038,2066
2039,2067
2040,2068
2041,2069
2042,2070
2043,2071
2044,2072
2045,2073
2046,2074
2047,2075
2048,2076
2049,2077
2050,2078
2051,2079
2052,2080
2053,2081
2054,2082
2055,2083
2056,2084
2057,2085
2058,2086
2059,2087
2060,2088
2061,2089
2062,2090
2063,2091
2064,2092
2065,2093
2066,2094
2067,2095
2068,2096
2069,2097
2070,2098
2071,2099
2072,2100
2073,2101
2074,2102
2075,2103
2076,2105
2077,2106
2078,2107
2079,2108
2080,2109
2081,2110
2082,2111
2083,2112
2084,2113
2085,2114
2086,2115
2087,2116
2088,2117
2089,2118
2090,2119
2091,2120
2092,2121
2093,2122
2094,2123
2095,2124
2096,2125
2097,2126
2098,2127
2099,2128
2100,2129
2101,2130
2102,2131
2103,2132
2104,2133
2105,2134
2106,2135
2107,2136
2108,2137
2109,2138
2110,2139
2111,2140
2112,2141
2113,2142
2114,2143
2115,2144
2116,2145
2117,2146
2118,2147
2119,2148
2120,2149
2121,2150
2122,2151
2123,2152
2124,2153
2125,2154
2126,2155
2127,2156
2128,2157
2129,2158
2130,2159
2131,2160
2132,2161
2133,2162
2134,2163
2135,2164
2136,2165
2137,2166
2138,2167
2139,2168
2140,2169
2141,2170
2142,2171
2143,2172
2144,2173
2145,2174
2146,2175
2147,2176
2148,2177
2149,2178
2150,2179
2151,2180
2152,2181
2153,2182
2154,2183
2155,2184
2156,2185
2157,2186
2158,2187
2159,2188
2160,2189
2161,2190
2162,2191
2163,2192
2164,2193
2165,2194
2166,2195
2167,2196
2168,2197
2169,2198
2170,2199
2171,2200
2172,2201
2173,2202
2174,2203
2175,2204
2176,2205
2177,2206
2178,2207
2179,2208
2180,2209
2181,2210
2182,2211
2183,2212
2184,2213
2185,2214
2186,2215
2187,2216
2188,2217
2189,2218
2190,2219
2191,2220
2192,2221
2193,2222
2194,2223
2195,2224
2196,2225
2197,2226
2198,2227
2199,2228
2200,2229
2201,2230
2202,2231
2203,2232
2204,2233
2205,2234
2206,2235
2207,2236
2208,2237
2209,2238
2210,2239
2211,2240
2212,2241
2213,2242
2214,2243
2215,2244
2216,2245
2217,2246
2218,2247
2219,2248
2220,2250
2221,2251
2222,2252
2223,2253
2224,2254
2225,2255
2226,2256
2227,2257
2228,2258
2229,2259
2230,2260
2231,2261
2232,2262
2233,2263
2234,2264
2235,2265
2236,2266
2237,2267
2238,2268
2239,2269
2240,2270
2241,2271
2242,2272
2243,2273
2244,2274
2245,2275
2246,2276
2247,2277
2248,2278
2249,2279
2250,2280
2251,2281
2252,2282
2253,2283
2254,2284
2255,2285
2256,2286
2257,2287
2258,2288
2259,2289
2260,2290
2261,2291
2262,2292
2263,2293
2264,2294
2265,2295
2266,2296
2267,2297
2268,2298
2269,2299
2270,2300
2271,2301
2272,2302
2273,2303
2274,2304
2275,2305
2276,2306
2277,2307
2278,2308
2279,2309
2280,2310
2281,2311
2282,2312
2283,2313
2284,2314
2285,2315
2286,2316
2287,2317
2288,2318
2289,2319
2290,2320
2291,2321
2292,2322
2293,2323
2294,2324
2295,2325
2296,2326
2297,2327
2298,2328
2299,2329
2300,2330
2301,2331
2302,2332
2303,2333
2304,2334
2305,2335
2306,2336
2307,2337
2308,2338
2309,2339
2310,2340
2311,2341
2312,2342
2313,2343
2314,2344
2315,2345
2316,2346
2317,2347
2318,2348
2319,2349
2320,2350
2321,2351
2322,2352
2323,2353
2324,2354
2325,2355
2326,2356
2327,2357
2328,2358
2329,2359
2330,2360
2331,2361
2332,2362
2333,2363
2334,2364
2335,2365
2336,2366
2337,2367
2338,2368
2339,2369
2340,2370
2341,2371
2342,2372
2343,2373
2344,2374
2345,2375
2346,2376
2347,2377
2348,2379
2349,2380
2350,2381
2351,2382
2352,2383
2353,2384
2354,2385
2355,2386
2356,2387
2357,2388
2358,2389
2359,2391
2360,2392
2361,2393
2362,2394
2363,2395
2364,2396
2365,2397
2366,2398
2367,2399
2368,2400
2369,2401
2370,2402
2371,2403
2372,2404
2373,2405
2374,2406
2375,2407
2376,2408
2377,2409
2378,2410
2379,2411
2380,2412
2381,2413
2382,2414
2383,2415
2384,2416
2385,2417
2386,2418
2387,2419
2388,2420
2389,2421
2390,2422
2391,2423
2392,2424
2393,2425
2394,2426
2395,2427
2396,2428
2397,2429
2398,2430
2399,2431
2400,2432
2401,2433
2402,2434
2403,2435
2404,2436
2405,2437
2406,2438
2407,2439
2408,2440
2409,2441
2410,2442
2411,2443
2412,2444
2413,2445
2414,2446
2415,2447
2416,2448
2417,2449
2418,2450
2419,2451
2420,2452
2421,2453
2422,2454
2423,2455
2424,2456
2425,2457
2426,2458
2427,2459
2428,2460
2429,2461
2430,2462
2431,2463
2432,2464
2433,2465
2434,2466
2435,2467
2436,2468
2437,2469
2438,2470
2439,2471
2440,2472
2441,2473
2442,2474
2443,2475
2444,2476
2445,2477
2446,2478
2447,2479
2448,2480
2449,2481
2450,2482
2451,2483
2452,2484
2453,2485
2454,2486
2455,2487
2456,2488
2457,2489
2458,2490
2459,2491
2460,2492
2461,2493
2462,2494
2463,2495
2464,2496
2465,2497
2466,2498
2467,2499
2468,2500
2469,2501
2470,2502
2471,2503
2472,2504
2473,2505
2474,2506
2475,2507
2476,2508
2477,2509
2478,2510
2479,2511
2480,2512
2481,2513
2482,2514
2483,2515
2484,2516
2485,2517
2486,2518
2487,2519
2488,2520
2489,2521
2490,2522
2491,2523
2492,2524
2493,2525
2494,2526
2495,2527
2496,2528
2497,2529
2498,2530
2499,2531
2500,2532
2501,2533
2502,2534
2503,2535
2504,2536
2505,2537
2506,2538
2507,2539
2508,2540
2509,2541
2510,2542
2511,2543
2512,2544
2513,2545
2514,2546
2515,2547
2516,2548
2517,2549
2518,2550
2519,2551
2520,2552
2521,2553
2522,2554
2523,2555
2524,2556
2525,2557
2526,2558
2527,2559
2528,2560
2529,2561
2530,2562
2531,2563
2532,2564
2533,2565
2534,2566
2535,2567
2536,2568
2537,2569
2538,2570
2539,2571
2540,2572
2541,2573
2542,2574
2543,2575
2544,2576
2545,2577
2546,2578
2547,2579
2548,2580
2549,2581
2550,2582
2551,2583
2552,2584
2553,2585
2554,2586
2555,2587
2556,2588
2557,2589
2558,2590
2559,2591
2560,2592
2561,2593
2562,2594
2563,2595
2564,2596
2565,2597
2566,2598
2567,2599
2568,2600
2569,2601
2570,2602
2571,2603
2572,2604
2573,2605
2574,2606
2575,2607
2576,2608
2577,2609
2578,2610
2579,2611
2580,2612
2581,2613
2582,2614
2583,2615
2584,2616
2585,2617
2586,2618
2587,2619
2588,2620
2589,2621
2590,2622
2591,2623
2592,2624
2593,2625
2594,2626
2595,2627
2596,2628
2597,2629
2598,2630
2599,2632
2600,2633
2601,2634
2602,2635
2603,2636
2604,2637
2605,2638
2606,2639
2607,2640
2608,2641
2609,2642
2610,2643
2611,2644
2612,2645
2613,2646
2614,2647
2615,2648
2616,2649
2617,2650
2618,2651
2619,2652
2620,2653
2621,2654
2622,2655
2623,2656
2624,2657
2625,2658
2626,2659
2627,2660
2628,2661
2629,2662
2630,2663
2631,2664
2632,2665
2633,2666
2634,2667
2635,2668
2636,2669
2637,2670
2638,2671
2639,2672
2640,2673
2641,2674
2642,2675
2643,2676
2644,2677
2645,2678
2646,2679
2647,2680
2648,2681
2649,2682
2650,2683
2651,2684
2652,2685
2653,2686
2654,2687
2655,2688
2656,2689
2657,2690
2658,2691
2659,2692
2660,2693
2661,2694
2662,2695
2663,2696
2664,2697
2665,2698
2666,2699
2667,2700
2668,2701
2669,2702
2670,2703
2671,2704
2672,2705
2673,2706
2674,2707
2675,2708
2676,2709
2677,2710
2678,2711
2679,2712
2680,2713
2681,2714
2682,2715
2683,2716
2684,2717
2685,2718
2686,2719
2687,2720
2688,2721
2689,2722
2690,2723
2691,2724
2692,2725
2693,2726
2694,2727
2695,2728
2696,2729
2697,2730
2698,2731
2699,2732
2700,2733
2701,2734
2702,2735
2703,2736
2704,2737
2705,2738
2706,2739
2707,2740
2708,2741
2709,2742
2710,2743
2711,2744
2712,2745
2713,2746
2714,2747
2715,2748
2716,2749
2717,2750
2718,2751
2719,2752
2720,2753
2721,2754
2722,2755
2723,2756
2724,2757
2725,2758
2726,2759
2727,2760
2728,2761
2729,2762
2730,2763
2731,2764
2732,2765
2733,2766
2734,2767
2735,2768
2736,2769
2737,2770
2738,2771
2739,2772
2740,2773
2741,2774
2742,2775
2743,2776
2744,2777
2745,2778
2746,2779
2747,2780
2748,2781
2749,2782
2750,2783
2751,2784
2752,2785
2753,2786
2754,2787
2755,2788
2756,2789
2757,2790
2758,2791
2759,2792
2760,2793
2761,2794
2762,2795
2763,2796
2764,2797
2765,2798
2766,2799
2767,2800
2768,2801
2769,2802
2770,2803
2771,2804
2772,2805
2773,2806
2774,2807
2775,2808
2776,2809
2777,2810
2778,2811
2779,2812
2780,2813
2781,2814
2782,2815
2783,2816
2784,2817
2785,2818
2786,2819
2787,2820
2788,2821
2789,2822
2790,2823
2791,2824
2792,2825
2793,2826
2794,2827
2795,2828
2796,2829
2797,2830
2798,2831
2799,2832
2800,2833
2801,2834
2802,2835
2803,2836
2804,2837
2805,2838
2806,2839
2807,2840
2808,2841
2809,2842
2810,2843
2811,2844
2812,2845
2813,2846
2814,2847
2815,2848
2816,2849
2817,2850
2818,2851
2819,2852
2820,2853
2821,2854
2822,2855
2823,2856
2824,2857
2825,2858
2826,2859
2827,2860
2828,2861
2829,2862
2830,2863
2831,2864
2832,2865
2833,2866
2834,2867
2835,2868
2836,2869
2837,2870
2838,2871
2839,2872
2840,2873
2841,2874
2842,2875
2843,2876
2844,2877
2845,2878
2846,2879
2847,2880
2848,2881
2849,2882
2850,2883
2851,2884
2852,2885
2853,2886
2854,2887
2855,2888
2856,2889
2857,2890
2858,2891
2859,2892
2860,2893
2861,2894
2862,2895
2863,2896
2864,2897
2865,2898
2866,2899
2867,2900
2868,2901
2869,2902
2870,2903
2871,2904
2872,2905
2873,2906
2874,2907
2875,2908
2876,2909
2877,2910
2878,2911
2879,2912
2880,2913
2881,2914
2882,2915
2883,2916
2884,2917
2885,2918
2886,2919
2887,2920
2888,2921
2889,2922
2890,2923
2891,2924
2892,2925
2893,2926
2894,2927
2895,2928
2896,2929
2897,2930
2898,2931
2899,2932
2900,2933
2901,2934
2902,2935
2903,2936
2904,2937
2905,2938
2906,2939
2907,2940
2908,2941
2909,2942
2910,2943
2911,2944
2912,2945
2913,2946
2914,2947
2915,2948
2916,2949
2917,2950
2918,2951
2919,2952
2920,2953
2921,2954
2922,2955
2923,2956
2924,2957
2925,2958
2926,2959
2927,2960
2928,2961
2929,2962
2930,2963
2931,2964
2932,2965
2933,2966
2934,2967
2935,2968
2936,2969
2937,2970
2938,2971
2939,2972
2940,2973
2941,2974
2942,2975
2943,2976
2944,2977
2945,2978
2946,2979
2947,2980
2948,2981
2949,2982
2950,2983
2951,2984
2952,2985
2953,2986
2954,2987
2955,2988
2956,2989
2957,2990
2958,2991
2959,2992
2960,2993
2961,2994
2962,2995
2963,2996
2964,2997
2965,2998
2966,2999
2967,3000
2968,3001
2969,3002
2970,3003
2971,3004
2972,3005
2973,3006
2974,3007
2975,3008
2976,3009
2977,3010
2978,3011
2979,3012
2980,3013
2981,3014
2982,3015
2983,3016
2984,3017
2985,3018
2986,3019
2987,3020
2988,3021
2989,3022
2990,3023
2991,3024
2992,3025
2993,3026
2994,3027
2995,3028
2996,3029
2997,3030
2998,3031
2999,3032
3000,3033
3001,3034
3002,3035
3003,3036
3004,3037
3005,3038
3006,3039
3007,3040
3008,3041
3009,3042
3010,3043
3011,3044
3012,3045
3013,3046
3014,3047
3015,3048
3016,3049
3017,3050
3018,3051
3019,3052
3020,3053
3021,3054
3022,3055
3023,3056
3024,3057
3025,3058
3026,3059
3027,3060
3028,3061
3029,3062
3030,3063
3031,3064
3032,3065
3033,3066
3034,3067
3035,3068
3036,3069
3037,3070
3038,3071
3039,3072
3040,3073
3041,3074
3042,3075
3043,3076
3044,3077
3045,3078
3046,3079
3047,3080
3048,3081
3049,3082
3050,3083
3051,3084
3052,3085
3053,3086
3054,3087
3055,3088
3056,3089
3057,3090
3058,3091
3059,3092
3060,3093
3061,3094
3062,3095
3063,3096
3064,3097
3065,3098
3066,3099
3067,3100
3068,3101
3069,3102
3070,3103
3071,3104
3072,3105
3073,3106
3074,3107
3075,3108
3076,3109
3077,3110
3078,3111
3079,3112
3080,3113
3081,3114
3082,3115
3083,3116
3084,3117
3085,3118
3086,3119
3087,3120
3088,3121
3089,3122
3090,3123
3091,3124
3092,3125
3093,3126
3094,3127
3095,3128
3096,3129
3097,3130
3098,3131
3099,3132
3100,3133
3101,3134
3102,3135
3103,3136
3104,3137
3105,3138
3106,3139
3107,3140
3108,3141
3109,3142
3110,3143
3111,3144
3112,3145
3113,3146
3114,3147
3115,3148
3116,3149
3117,3150
3118,3151
3119,3152
3120,3153
3121,3154
3122,3155
3123,3156
3124,3157
3125,3158
3126,3159
3127,3160
3128,3161
3129,3162
3130,3163
3131,3164
3132,3165
3133,3166
3134,3167
3135,3168
3136,3169
3137,3170
3138,3171
3139,3172
3140,3173
3141,3174
3142,3175
3143,3176
3144,3177
3145,3178
3146,3179
3147,3180
3148,3181
3149,3182
3150,3183
3151,3184
3152,3185
3153,3186
3154,3187
3155,3188
3156,3189
3157,3190
3158,3191
3159,3192
3160,3193
3161,3194
3162,3195
3163,3196
3164,3197
3165,3198
3166,3199
3167,3200
3168,3201
3169,3202
3170,3203
3171,3204
3172,3205
3173,3206
3174,3207
3175,3208
3176,3209
3177,3210
3178,3211
3179,3212
3180,3213
3181,3214
3182,3215
3183,3216
3184,3217
3185,3218
3186,3219
3187,3220
3188,3221
3189,3222
3190,3223
3191,3224
3192,3225
3193,3226
3194,3227
3195,3228
3196,3229
3197,3230
3198,3231
3199,3232
3200,3233
3201,3234
3202,3235
3203,3236
3204,3237
3205,3238
3206,3239
3207,3240
3208,3241
3209,3242
3210,3243
3211,3244
3212,3245
3213,3246
3214,3247
3215,3248
3216,3249
3217,3250
3218,3251
3219,3252
3220,3253
3221,3254
3222,3255
3223,3256
3224,3257
3225,3258
3226,3259
3227,3260
3228,3261
3229,3262
3230,3263
3231,3264
3232,3265
3233,3266
3234,3267
3235,3268
3236,3269
3237,3270
3238,3271
3239,3272
3240,3273
3241,3274
3242,3275
3243,3276
3244,3277
3245,3278
3246,3279
3247,3280
3248,3281
3249,3282
3250,3283
3251,3284
3252,3285
3253,3286
3254,3287
3255,3288
3256,3289
3257,3290
3258,3291
3259,3292
3260,3293
3261,3294
3262,3295
3263,3296
3264,3297
3265,3298
3266,3299
3267,3300
3268,3301
3269,3302
3270,3303
3271,3304
3272,3305
3273,3306
3274,3307
3275,3308
3276,3309
3277,3312
3278,3313
3279,3314
3280,3315
3281,3317
3282,3324
3283,3329
3284,3330
3285,3331
3286,3332
3287,3333
3288,3334
3289,3335
3290,3336
3291,3337
3292,3338
3293,3339
3294,3340
3295,3341
3296,3342
3297,3343
3298,3344
3299,3345
3300,3346
3301,3347
3302,3348
3303,3349
3304,3350
3305,3351
3306,3353
3307,3354
3308,3355
3309,3356
3310,3357
3311,3358
3312,3359
3313,3360
3314,3361
3315,3362
3316,3363
3317,3364
3318,3365
3319,3366
3320,3367
3321,3368
3322,3369
3323,3370
3324,3371
3325,3372
3326,3373
3327,3375
3328,3376
3329,3377
3330,3378
3331,3379
3332,3380
3333,3381
3334,3382
3335,3383
3336,3384
3337,3385
3338,3386
3339,3387
3340,3388
3341,3389
3342,3390
3343,3391
3344,3392
3345,3393
3346,3394
3347,3395
3348,3396
3349,3397
3350,3398
3351,3399
3352,3400
3353,3401
3354,3402
3355,3403
3356,3404
3357,3405
3358,3406
3359,3407
3360,3408
3361,3409
3362,3411
3363,3412
3364,3413
3365,3414
3366,3415
3367,3416
3368,3417
3369,3418
3370,3419
3371,3420
3372,3421
3373,3422
3374,3423
3375,3424
3376,3425
3377,3426
3378,3427
3379,3428
3380,3429
3381,3430
3382,3431
3383,3432
3384,3433
3385,3434
3386,3435
3387,3436
3388,3437
3389,3438
3390,3439
3391,3440
3392,3441
3393,3442
3394,3443
3395,3444
3396,3445
3397,3446
3398,3447
3399,3448
3400,3449
3401,3450
3402,3451
3403,3452
3404,3453
3405,3454
3406,3455
3407,3456
3408,3457
3409,3458
3410,3459
3411,3460
3412,3461
3413,3462
3414,3463
3415,3464
3416,3465
3417,3466
3418,3467
3419,3468
3420,3469
3421,3470
3422,3471
3423,3472
3424,3473
3425,3474
3426,3475
3427,3476
3428,3477
3429,3478
3430,3479
3431,3480
3432,3481
3433,3482
3434,3483
3435,3484
3436,3485
3437,3486
3438,3487
3439,3488
3440,3489
3441,3490
3442,3491
3443,3492
3444,3493
3445,3494
3446,3495
3447,3496
3448,3497
3449,3498
3450,3499
3451,3500
3452,3501
3453,3502
3454,3503
3455,3504
3456,3505
3457,3506
3458,3507
3459,3508
3460,3509
3461,3510
3462,3511
3463,3512
3464,3513
3465,3514
3466,3515
3467,3516
3468,3517
3469,3518
3470,3519
3471,3520
3472,3521
3473,3522
3474,3523
3475,3524
3476,3525
3477,3526
3478,3527
3479,3528
3480,3529
3481,3530
3482,3531
3483,3532
3484,3533
3485,3534
3486,3535
3487,3536
3488,3537
3489,3538
3490,3539
3491,3540
3492,3541
3493,3542
3494,3543
3495,3544
3496,3545
3497,3546
3498,3547
3499,3548
3500,3549
3501,3550
3502,3551
3503,3552
3504,3553
3505,3554
3506,3555
3507,3556
3508,3557
3509,3560
3510,3561
3511,3562
3512,3563
3513,3564
3514,3565
3515,3566
3516,3567
3517,3568
3518,3569
3519,3570
3520,3571
3521,3572
3522,3573
3523,3574
3524,3575
3525,3576
3526,3580
3527,3581
3528,3582
3529,3583
3530,3584
3531,3585
3532,3586
3533,3587
3534,3588
3535,3589
3536,3590
3537,3591
3538,3592
3539,3593
3540,3594
3541,3595
3542,3596
3543,3597
3544,3598
3545,3599
3546,3600
3547,3601
3548,3602
3549,3603
3550,3604
3551,3605
3552,3606
3553,3607
3554,3608
3555,3609
3556,3610
3557,3611
3558,3612
3559,3613
3560,3614
3561,3615
3562,3616
3563,3617
3564,3618
3565,3619
3566,3620
3567,3621
3568,3622
3569,3623
3570,3624
3571,3625
3572,3626
3573,3627
3574,3628
3575,3629
3576,3630
3577,3631
3578,3632
3579,3633
3580,3634
3581,3635
3582,3636
3583,3637
3584,3638
3585,3639
3586,3640
3587,3641
3588,3642
3589,3643
3590,3644
3591,3645
3592,3646
3593,3647
3594,3648
3595,3649
3596,3650
3597,3651
3598,3652
3599,3653
3600,3654
3601,3655
3602,3656
3603,3657
3604,3658
3605,3659
3606,3660
3607,3661
3608,3662
3609,3663
3610,3664
3611,3665
3612,3666
3613,3667
3614,3668
3615,3669
3616,3670
3617,3671
3618,3672
3619,3673
3620,3674
3621,3675
3622,3676
3623,3677
3624,3678
3625,3679
3626,3680
3627,3681
3628,3682
3629,3683
3630,3684
3631,3685
3632,3686
3633,3687
3634,3688
3635,3689
3636,3690
3637,3691
3638,3692
3639,3693
3640,3694
3641,3695
3642,3696
3643,3697
3644,3698
3645,3699
3646,3700
3647,3701
3648,3702
3649,3703
3650,3704
3651,3705
3652,3706
3653,3707
3654,3708
3655,3709
3656,3710
3657,3711
3658,3712
3659,3713
3660,3714
3661,3715
3662,3716
3663,3717
3664,3718
3665,3719
3666,3720
3667,3721
3668,3722
3669,3723
3670,3724
3671,3725
3672,3726
3673,3727
3674,3728
3675,3729
3676,3730
3677,3731
3678,3732
3679,3733
3680,3734
3681,3735
3682,3736
3683,3737
3684,3738
3685,3739
3686,3740
3687,3741
3688,3742
3689,3743
3690,3744
3691,3745
3692,3746
3693,3747
3694,3748
3695,3749
3696,3750
3697,3751
3698,3752
3699,3753
3700,3754
3701,3755
3702,3756
3703,3757
3704,3758
3705,3759
3706,3760
3707,3761
3708,3762
3709,3763
3710,3764
3711,3765
3712,3766
3713,3767
3714,3768
3715,3769
3716,3770
3717,3771
3718,3772
3719,3773
3720,3774
3721,3775
3722,3776
3723,3777
3724,3778
3725,3779
3726,3780
3727,3781
3728,3782
3729,3783
3730,3784
3731,3785
3732,3786
3733,3787
3734,3788
3735,3789
3736,3790
3737,3791
3738,3792
3739,3793
3740,3794
3741,3795
3742,3796
3743,3797
3744,3798
3745,3799
3746,3800
3747,3801
3748,3802
3749,3803
3750,3804
3751,3805
3752,3806
3753,3807
3754,10001
3755,10002
3756,10003
3757,10004
3758,10005
3759,10006
3760,10007
3761,10008
3762,10009
3763,10010
3764,10011
3765,10012
3766,10013
3767,10014
3768,10015
3769,10016
3770,10017
3771,10018
3772,10019
3773,10020
3774,10021
3775,10022
3776,10023
3777,10024
3778,10025
3779,10026
3780,10027
3781,10028
3782,10029
3783,10030
3784,10031
3785,10032
3786,10033
3787,10034
3788,10035
3789,10036
3790,10037
3791,10038
3792,10039
3793,10040
3794,10041
3795,10042
3796,10043
3797,10044
3798,10045
3799,10046
3800,10047
3801,10048
3802,10049
3803,10050
3804,10051
3805,10052
3806,10053
3807,10054
3808,10055
3809,10056
3810,10057
3811,10058
3812,10059
3813,10060
3814,10061
3815,10062
3816,10063
3817,10064
3818,10065
3819,10066
3820,10067
3821,10068
3822,10069
3823,10070
3824,10071
3825,10072
3826,10073
3827,10074
3828,10075
3829,10076
3830,10077
3831,10078
3832,10079
3833,10080
3834,10081
3835,10082
3836,10083
3837,10084
3838,10085
3839,10086
3840,10087
3841,10088
3842,10089
3843,10090
3844,10091
3845,10092
3846,10093
3847,10094
3848,10095
3849,10096
3850,10097
3851,10098
3852,10099
3853,10100
3854,10101
3855,10102
3856,10103
3857,10104
3858,10105
3859,10106
3860,10107
3861,10108
3862,10109
3863,10110
3864,10111
3865,10112
3866,10113
3867,10114
3868,10115
3869,10116
3870,10117
3871,10118
3872,10119
3873,10120
3874,10121
3875,10122
3876,10123
3877,10124
3878,10125
3879,10126
3880,10127
3881,10128
3882,10129
3883,10130
3884,10131
3885,10132
3886,10133
3887,10134
3888,10135
3889,10136
3890,10137
3891,10138
3892,10139
3893,10140
3894,10141
3895,10142
3896,10143
3897,10144
3898,10145
3899,10146
3900,10147
3901,10148
3902,10149
3903,10150
3904,10151
3905,10152
3906,10153
3907,10154
3908,10155
3909,10156
3910,10157
3911,10158
3912,10159
3913,10160
3914,10161
3915,10162
3916,10163
3917,10164
3918,10165
3919,10166
3920,10167
3921,10168
3922,10169
3923,10170
3924,10171
3925,20001
3926,20002
3927,20003
3928,20004
3929,20005
3930,20006
3931,20007
3932,20008
